{
	"credit": "Made with Blockbench",
	"texture_size": [128, 128],
	"textures": {
		"particle": "originsumbrellas:item/umbrella_1",
		"layer0": "originsumbrellas:item/umbrella_1"
	},
	"elements": [
		{
			"from": [-4.25, 26.5, -4.25],
			"to": [20.25, 27.5, -3.25],
			"rotation": {"angle": 0, "axis": "y", "origin": [8, 34.5, 3.75]},
			"faces": {
				"north": {"uv": [13.5, 1.875, 14.71875, 3.03125], "texture": "#layer0", "tintindex": 1},
				"east": {"uv": [13.5, 1.875, 14.71875, 3.03125], "texture": "#layer0", "tintindex": 1},
				"south": {"uv": [13.5, 1.875, 14.71875, 3.03125], "texture": "#layer0", "tintindex": 1},
				"west": {"uv": [13.5, 1.875, 14.71875, 3.03125], "texture": "#layer0", "tintindex": 1},
				"up": {"uv": [13.5, 1.875, 14.71875, 3.03125], "texture": "#layer0", "tintindex": 1},
				"down": {"uv": [13.5, 1.875, 14.71875, 3.03125], "texture": "#layer0", "tintindex": 1}
			}
		},
		{
			"from": [-4.25, 26.5, -3.25],
			"to": [-3.25, 27.5, 19.25],
			"rotation": {"angle": 0, "axis": "y", "origin": [3.75, 34.5, 4.75]},
			"faces": {
				"north": {"uv": [13.25, 1.71875, 14.65625, 2.96875], "texture": "#layer0", "tintindex": 1},
				"east": {"uv": [13.25, 1.71875, 14.65625, 2.96875], "texture": "#layer0", "tintindex": 1},
				"south": {"uv": [13.25, 1.71875, 14.65625, 2.96875], "texture": "#layer0", "tintindex": 1},
				"west": {"uv": [13.25, 1.71875, 14.65625, 2.96875], "texture": "#layer0", "tintindex": 1},
				"up": {"uv": [13.25, 1.71875, 14.65625, 2.96875], "texture": "#layer0", "tintindex": 1},
				"down": {"uv": [13.25, 1.71875, 14.65625, 2.96875], "texture": "#layer0", "tintindex": 1}
			}
		},
		{
			"from": [-4.25, 26.5, 19.25],
			"to": [20.25, 27.5, 20.25],
			"rotation": {"angle": 0, "axis": "y", "origin": [8, 34.5, 27.25]},
			"faces": {
				"north": {"uv": [13.90625, 2.03125, 14.625, 2.71875], "texture": "#layer0", "tintindex": 1},
				"east": {"uv": [13.90625, 2.03125, 14.625, 2.71875], "texture": "#layer0", "tintindex": 1},
				"south": {"uv": [13.90625, 2.03125, 14.625, 2.71875], "texture": "#layer0", "tintindex": 1},
				"west": {"uv": [13.90625, 2.03125, 14.625, 2.71875], "texture": "#layer0", "tintindex": 1},
				"up": {"uv": [13.90625, 2.03125, 14.625, 2.71875], "texture": "#layer0", "tintindex": 1},
				"down": {"uv": [13.90625, 2.03125, 14.625, 2.71875], "texture": "#layer0", "tintindex": 1}
			}
		},
		{
			"from": [19.25, 26.5, -3.25],
			"to": [20.25, 27.5, 19.25],
			"rotation": {"angle": 0, "axis": "y", "origin": [27.25, 34.5, 4.75]},
			"faces": {
				"north": {"uv": [14.65625, 2, 15.375, 2.8125], "texture": "#layer0", "tintindex": 1},
				"east": {"uv": [14.65625, 2, 15.375, 2.8125], "texture": "#layer0", "tintindex": 1},
				"south": {"uv": [14.65625, 2, 15.375, 2.8125], "texture": "#layer0", "tintindex": 1},
				"west": {"uv": [14.65625, 2, 15.375, 2.8125], "texture": "#layer0", "tintindex": 1},
				"up": {"uv": [14.65625, 2, 15.375, 2.8125], "texture": "#layer0", "tintindex": 1},
				"down": {"uv": [14.65625, 2, 15.375, 2.8125], "texture": "#layer0", "tintindex": 1}
			}
		},
		{
			"from": [7.5, 0, 7.5],
			"to": [8.5, 30.5, 8.5],
			"rotation": {"angle": 0, "axis": "y", "origin": [15.5, 8, 15.5]},
			"faces": {
				"north": {"uv": [13.78125, 2.03125, 16, 2.59375], "texture": "#layer0", "tintindex": 1},
				"east": {"uv": [13.78125, 2.03125, 16, 2.59375], "texture": "#layer0", "tintindex": 1},
				"south": {"uv": [13.78125, 2.03125, 16, 2.59375], "texture": "#layer0", "tintindex": 1},
				"west": {"uv": [13.78125, 2.03125, 16, 2.59375], "texture": "#layer0", "tintindex": 1},
				"up": {"uv": [13.78125, 2.03125, 16, 2.59375], "texture": "#layer0", "tintindex": 1},
				"down": {"uv": [13.78125, 2.03125, 16, 2.59375], "texture": "#layer0", "tintindex": 1}
			}
		},
		{
			"from": [-4.25, 27.5, -4.25],
			"to": [20.25, 28.5, -1.75],
			"rotation": {"angle": 0, "axis": "y", "origin": [3.75, 4.5, 3.75]},
			"faces": {
				"north": {"uv": [3.25, 0.25, 6.25, 0.375], "texture": "#layer0", "tintindex": 0},
				"east": {"uv": [3, 0.25, 3.25, 0.375], "texture": "#layer0"},
				"south": {"uv": [6.5, 0.25, 9.5, 0.375], "texture": "#layer0", "tintindex": 0},
				"west": {"uv": [6.25, 0.25, 6.5, 0.375], "texture": "#layer0", "tintindex": 0},
				"up": {"uv": [6.25, 0.25, 3.25, 0], "texture": "#layer0", "tintindex": 0},
				"down": {"uv": [9.25, 0, 6.25, 0.25], "texture": "#layer0", "tintindex": 0}
			}
		},
		{
			"from": [-4.25, 27.5, 17.75],
			"to": [20.25, 28.5, 20.25],
			"rotation": {"angle": 0, "axis": "y", "origin": [3.75, 4.5, 25.75]},
			"faces": {
				"north": {"uv": [3.25, 0.25, 6.25, 0.375], "texture": "#layer0", "tintindex": 0},
				"east": {"uv": [3, 0.25, 3.25, 0.375], "texture": "#layer0"},
				"south": {"uv": [6.5, 0.25, 9.5, 0.375], "texture": "#layer0", "tintindex": 0},
				"west": {"uv": [6.25, 0.25, 6.5, 0.375], "texture": "#layer0", "tintindex": 0},
				"up": {"uv": [6.25, 0.25, 3.25, 0], "texture": "#layer0", "tintindex": 0},
				"down": {"uv": [9.25, 0, 6.25, 0.25], "texture": "#layer0", "tintindex": 0}
			}
		},
		{
			"from": [17.75, 27.5, -1.75],
			"to": [20.25, 28.5, 17.75],
			"rotation": {"angle": 0, "axis": "y", "origin": [3.75, 4.5, 23.25]},
			"faces": {
				"north": {"uv": [2.375, 2.375, 2.625, 2.5], "texture": "#layer0", "tintindex": 0},
				"east": {"uv": [0, 2.375, 2.375, 2.5], "texture": "#layer0"},
				"south": {"uv": [5, 2.375, 5.25, 2.5], "texture": "#layer0", "tintindex": 0},
				"west": {"uv": [2.625, 2.375, 5, 2.5], "texture": "#layer0", "tintindex": 0},
				"up": {"uv": [2.625, 2.375, 2.375, 0], "texture": "#layer0", "tintindex": 0},
				"down": {"uv": [2.875, 0, 2.625, 2.375], "texture": "#layer0", "tintindex": 0}
			}
		},
		{
			"from": [-4.25, 27.5, -1.775],
			"to": [-1.75, 28.5, 17.775],
			"rotation": {"angle": 0, "axis": "y", "origin": [-18.25, 4.5, 23.25]},
			"faces": {
				"north": {"uv": [2.375, 2.375, 2.625, 2.5], "texture": "#layer0", "tintindex": 0},
				"east": {"uv": [0, 2.375, 2.375, 2.5], "texture": "#layer0"},
				"south": {"uv": [5, 2.375, 5.25, 2.5], "texture": "#layer0", "tintindex": 0},
				"west": {"uv": [2.625, 2.375, 5, 2.5], "texture": "#layer0", "tintindex": 0},
				"up": {"uv": [2.625, 2.375, 2.375, 0], "texture": "#layer0", "tintindex": 0},
				"down": {"uv": [2.875, 0, 2.625, 2.375], "texture": "#layer0", "tintindex": 0}
			}
		},
		{
			"from": [-2.25, 28.425, 15.75],
			"to": [18.25, 29.5, 18.25],
			"rotation": {"angle": 0, "axis": "y", "origin": [3.75, 5.5, 3.75]},
			"faces": {
				"north": {"uv": [3.25, 0.75, 5.75, 0.875], "texture": "#layer0", "tintindex": 0},
				"east": {"uv": [3, 0.75, 3.25, 0.875], "texture": "#layer0"},
				"south": {"uv": [6, 0.75, 8.5, 0.875], "texture": "#layer0", "tintindex": 0},
				"west": {"uv": [5.75, 0.75, 6, 0.875], "texture": "#layer0", "tintindex": 0},
				"up": {"uv": [5.75, 0.75, 3.25, 0.5], "texture": "#layer0", "tintindex": 0},
				"down": {"uv": [8.25, 0.5, 5.75, 0.75], "texture": "#layer0", "tintindex": 0}
			}
		},
		{
			"from": [-2.25, 28.425, 0.225],
			"to": [0.25, 29.5, 15.8],
			"rotation": {"angle": 0, "axis": "y", "origin": [3.75, 5.5, -11.75]},
			"faces": {
				"north": {"uv": [1.875, 6.375, 2.125, 6.5], "texture": "#layer0", "tintindex": 0},
				"east": {"uv": [0, 6.375, 1.875, 6.5], "texture": "#layer0"},
				"south": {"uv": [4, 6.375, 4.25, 6.5], "texture": "#layer0", "tintindex": 0},
				"west": {"uv": [2.125, 6.375, 4, 6.5], "texture": "#layer0", "tintindex": 0},
				"up": {"uv": [2.125, 6.375, 1.875, 4.5], "texture": "#layer0", "tintindex": 0},
				"down": {"uv": [2.375, 4.5, 2.125, 6.375], "texture": "#layer0", "tintindex": 0}
			}
		},
		{
			"from": [15.75, 28.425, 0.2],
			"to": [18.25, 29.5, 15.8],
			"rotation": {"angle": 0, "axis": "y", "origin": [21.75, 5.5, -11.75]},
			"faces": {
				"north": {"uv": [1.875, 6.375, 2.125, 6.5], "texture": "#layer0", "tintindex": 0},
				"east": {"uv": [0, 6.375, 1.875, 6.5], "texture": "#layer0"},